country,year,biomass_tons
Afghanistan,1989,81200000
Afghanistan,1999,81200000
Afghanistan,2000,NA
Afghanistan,2001,NA
Afghanistan,2002,NA
Afghanistan,2003,NA
Afghanistan,2004,81200000
Afghanistan,2005,NA
Afghanistan,2006,NA
Afghanistan,2007,NA
Afghanistan,2008,NA
Afghanistan,2009,81200000
Afghanistan,2010,NA
Afghanistan,2011,NA
Afghanistan,2012,NA
Afghanistan,2013,NA
Afghanistan,2014,81200000
Angola,1989,9729999999.999998
Angola,1999,9530000000
Angola,2000,NA
Angola,2001,NA
Angola,2002,NA
Angola,2003,NA
Angola,2004,9430000000
Angola,2005,NA
Angola,2006,NA
Angola,2007,NA
Angola,2008,NA
Angola,2009,9330000000
Angola,2010,NA
Angola,2011,NA
Angola,2012,NA
Angola,2013,NA
Angola,2014,9229999999.999998
Albania,1989,98400000
Albania,1999,98600000
Albania,2000,NA
Albania,2001,NA
Albania,2002,NA
Albania,2003,NA
Albania,2004,96600000
Albania,2005,NA
Albania,2006,NA
Albania,2007,NA
Albania,2008,NA
Albania,2009,97700000
Albania,2010,NA
Albania,2011,NA
Albania,2012,NA
Albania,2013,NA
Albania,2014,99200000
United Arab Emirates,1989,26000000
United Arab Emirates,1999,33000000
United Arab Emirates,2000,NA
United Arab Emirates,2001,NA
United Arab Emirates,2002,NA
United Arab Emirates,2003,NA
United Arab Emirates,2004,33100000
United Arab Emirates,2005,NA
United Arab Emirates,2006,NA
United Arab Emirates,2007,NA
United Arab Emirates,2008,NA
United Arab Emirates,2009,33700000
United Arab Emirates,2010,NA
United Arab Emirates,2011,NA
United Arab Emirates,2012,NA
United Arab Emirates,2013,NA
United Arab Emirates,2014,34100000
Argentina,1989,7330000000
Argentina,1999,6980000000
Argentina,2000,NA
Argentina,2001,NA
Argentina,2002,NA
Argentina,2003,NA
Argentina,2004,6750000000
Argentina,2005,NA
Argentina,2006,NA
Argentina,2007,NA
Argentina,2008,NA
Argentina,2009,6490000000
Argentina,2010,NA
Argentina,2011,NA
Argentina,2012,NA
Argentina,2013,NA
Argentina,2014,6230000000
Armenia,1989,34100000
Armenia,1999,33299999.999999996
Armenia,2000,NA
Armenia,2001,NA
Armenia,2002,NA
Armenia,2003,NA
Armenia,2004,33000000
Armenia,2005,NA
Armenia,2006,NA
Armenia,2007,NA
Armenia,2008,NA
Armenia,2009,32600000
Armenia,2010,NA
Armenia,2011,NA
Armenia,2012,NA
Armenia,2013,NA
Armenia,2014,33000000
American Samoa,1989,4030000.0000000005
American Samoa,1999,3960000
American Samoa,2000,NA
American Samoa,2001,NA
American Samoa,2002,NA
American Samoa,2003,NA
American Samoa,2004,3920000
American Samoa,2005,NA
American Samoa,2006,NA
American Samoa,2007,NA
American Samoa,2008,NA
American Samoa,2009,3880000
American Samoa,2010,NA
American Samoa,2011,NA
American Samoa,2012,NA
American Samoa,2013,NA
American Samoa,2014,3860000
Australia,1989,NA
Australia,1999,16000000000
Australia,2000,NA
Australia,2001,NA
Australia,2002,NA
Australia,2003,NA
Australia,2004,15900000000
Australia,2005,NA
Australia,2006,NA
Australia,2007,NA
Australia,2008,NA
Australia,2009,15900000000
Australia,2010,NA
Australia,2011,NA
Australia,2012,NA
Australia,2013,NA
Australia,2014,NA
Austria,1989,686000000
Austria,1999,754000000
Austria,2000,NA
Austria,2001,NA
Austria,2002,NA
Austria,2003,NA
Austria,2004,776000000
Austria,2005,NA
Austria,2006,NA
Austria,2007,NA
Austria,2008,NA
Austria,2009,789000000
Austria,2010,NA
Austria,2011,NA
Austria,2012,NA
Austria,2013,NA
Austria,2014,801000000
Burundi,1989,62600000
Burundi,1999,39300000
Burundi,2000,NA
Burundi,2001,NA
Burundi,2002,NA
Burundi,2003,NA
Burundi,2004,37400000
Burundi,2005,NA
Burundi,2006,NA
Burundi,2007,NA
Burundi,2008,NA
Burundi,2009,52400000
Burundi,2010,NA
Burundi,2011,NA
Burundi,2012,NA
Burundi,2013,NA
Burundi,2014,57100000
Belgium,1989,101000000
Belgium,1999,119000000
Belgium,2000,NA
Belgium,2001,NA
Belgium,2002,NA
Belgium,2003,NA
Belgium,2004,129000000
Belgium,2005,NA
Belgium,2006,NA
Belgium,2007,NA
Belgium,2008,NA
Belgium,2009,137000000
Belgium,2010,NA
Belgium,2011,NA
Belgium,2012,NA
Belgium,2013,NA
Belgium,2014,145000000
Benin,1989,706000000
Benin,1999,620000000
Benin,2000,NA
Benin,2001,NA
Benin,2002,NA
Benin,2003,NA
Benin,2004,589000000
Benin,2005,NA
Benin,2006,NA
Benin,2007,NA
Benin,2008,NA
Benin,2009,559000000
Benin,2010,NA
Benin,2011,NA
Benin,2012,NA
Benin,2013,NA
Benin,2014,528000000
Burkina Faso,1989,671000000
Burkina Faso,1999,610000000
Burkina Faso,2000,NA
Burkina Faso,2001,NA
Burkina Faso,2002,NA
Burkina Faso,2003,NA
Burkina Faso,2004,583000000
Burkina Faso,2005,NA
Burkina Faso,2006,NA
Burkina Faso,2007,NA
Burkina Faso,2008,NA
Burkina Faso,2009,552000000
Burkina Faso,2010,NA
Burkina Faso,2011,NA
Burkina Faso,2012,NA
Burkina Faso,2013,NA
Burkina Faso,2014,524000000
Bangladesh,1989,178000000
Bangladesh,1999,174000000
Bangladesh,2000,NA
Bangladesh,2001,NA
Bangladesh,2002,NA
Bangladesh,2003,NA
Bangladesh,2004,173000000
Bangladesh,2005,NA
Bangladesh,2006,NA
Bangladesh,2007,NA
Bangladesh,2008,NA
Bangladesh,2009,205000000
Bangladesh,2010,NA
Bangladesh,2011,NA
Bangladesh,2012,NA
Bangladesh,2013,NA
Bangladesh,2014,212000000
Bulgaria,1989,269000000
Bulgaria,1999,343000000
Bulgaria,2000,NA
Bulgaria,2001,NA
Bulgaria,2002,NA
Bulgaria,2003,NA
Bulgaria,2004,387000000
Bulgaria,2005,NA
Bulgaria,2006,NA
Bulgaria,2007,NA
Bulgaria,2008,NA
Bulgaria,2009,420000000
Bulgaria,2010,NA
Bulgaria,2011,NA
Bulgaria,2012,NA
Bulgaria,2013,NA
Bulgaria,2014,453000000
Bosnia and Herzegovina,1989,192000000
Bosnia and Herzegovina,1999,236000000
Bosnia and Herzegovina,2000,NA
Bosnia and Herzegovina,2001,NA
Bosnia and Herzegovina,2002,NA
Bosnia and Herzegovina,2003,NA
Bosnia and Herzegovina,2004,236000000
Bosnia and Herzegovina,2005,NA
Bosnia and Herzegovina,2006,NA
Bosnia and Herzegovina,2007,NA
Bosnia and Herzegovina,2008,NA
Bosnia and Herzegovina,2009,236000000
Bosnia and Herzegovina,2010,NA
Bosnia and Herzegovina,2011,NA
Bosnia and Herzegovina,2012,NA
Bosnia and Herzegovina,2013,NA
Bosnia and Herzegovina,2014,236000000
Belarus,1989,820000000
Belarus,1999,1020000000
Belarus,2000,NA
Belarus,2001,NA
Belarus,2002,NA
Belarus,2003,NA
Belarus,2004,1150000000.0000002
Belarus,2005,NA
Belarus,2006,NA
Belarus,2007,NA
Belarus,2008,NA
Belarus,2009,1300000000
Belarus,2010,NA
Belarus,2011,NA
Belarus,2012,NA
Belarus,2013,NA
Belarus,2014,1370000000
Belize,1989,416000000
Belize,1999,390000000
Belize,2000,NA
Belize,2001,NA
Belize,2002,NA
Belize,2003,NA
Belize,2004,377000000
Belize,2005,NA
Belize,2006,NA
Belize,2007,NA
Belize,2008,NA
Belize,2009,365000000
Belize,2010,NA
Belize,2011,NA
Belize,2012,NA
Belize,2013,NA
Belize,2014,359000000
Bolivia,1989,10400000000
Bolivia,1999,9930000000
Bolivia,2000,NA
Bolivia,2001,NA
Bolivia,2002,NA
Bolivia,2003,NA
Bolivia,2004,9710000000
Bolivia,2005,NA
Bolivia,2006,NA
Bolivia,2007,NA
Bolivia,2008,NA
Bolivia,2009,9450000000.000002
Bolivia,2010,NA
Bolivia,2011,NA
Bolivia,2012,NA
Bolivia,2013,NA
Bolivia,2014,9210000000
Brazil,1989,127000000000
Brazil,1999,123000000000
Brazil,2000,NA
Brazil,2001,NA
Brazil,2002,NA
Brazil,2003,NA
Brazil,2004,120000000000
Brazil,2005,NA
Brazil,2006,NA
Brazil,2007,NA
Brazil,2008,NA
Brazil,2009,118000000000
Brazil,2010,NA
Brazil,2011,NA
Brazil,2012,NA
Brazil,2013,NA
Brazil,2014,117000000000
Brunei,1989,172000000
Brunei,1999,162000000
Brunei,2000,NA
Brunei,2001,NA
Brunei,2002,NA
Brunei,2003,NA
Brunei,2004,157000000
Brunei,2005,NA
Brunei,2006,NA
Brunei,2007,NA
Brunei,2008,NA
Brunei,2009,152000000
Brunei,2010,NA
Brunei,2011,NA
Brunei,2012,NA
Brunei,2013,NA
Brunei,2014,153000000
Bhutan,1989,568000000
Bhutan,1999,592000000
Bhutan,2000,NA
Bhutan,2001,NA
Bhutan,2002,NA
Bhutan,2003,NA
Bhutan,2004,604000000
Bhutan,2005,NA
Bhutan,2006,NA
Bhutan,2007,NA
Bhutan,2008,NA
Bhutan,2009,613000000
Bhutan,2010,NA
Bhutan,2011,NA
Bhutan,2012,NA
Bhutan,2013,NA
Bhutan,2014,624000000
Botswana,1989,1450000000
Botswana,1999,1410000000
Botswana,2000,NA
Botswana,2001,NA
Botswana,2002,NA
Botswana,2003,NA
Botswana,2004,1390000000.0000002
Botswana,2005,NA
Botswana,2006,NA
Botswana,2007,NA
Botswana,2008,NA
Botswana,2009,1370000000
Botswana,2010,NA
Botswana,2011,NA
Botswana,2012,NA
Botswana,2013,NA
Botswana,2014,1350000000
Central African Republic,1989,6250000000
Central African Republic,1999,6170000000
Central African Republic,2000,NA
Central African Republic,2001,NA
Central African Republic,2002,NA
Central African Republic,2003,NA
Central African Republic,2004,6130000000
Central African Republic,2005,NA
Central African Republic,2006,NA
Central African Republic,2007,NA
Central African Republic,2008,NA
Central African Republic,2009,6090000000
Central African Republic,2010,NA
Central African Republic,2011,NA
Central African Republic,2012,NA
Central African Republic,2013,NA
Central African Republic,2014,6050000000
Canada,1989,28900000000
Canada,1999,28800000000
Canada,2000,NA
Canada,2001,NA
Canada,2002,NA
Canada,2003,NA
Canada,2004,28300000000
Canada,2005,NA
Canada,2006,NA
Canada,2007,NA
Canada,2008,NA
Canada,2009,28000000000
Canada,2010,NA
Canada,2011,NA
Canada,2012,NA
Canada,2013,NA
Canada,2014,NA
Switzerland,1989,272000000
Switzerland,1999,284000000
Switzerland,2000,NA
Switzerland,2001,NA
Switzerland,2002,NA
Switzerland,2003,NA
Switzerland,2004,290000000
Switzerland,2005,NA
Switzerland,2006,NA
Switzerland,2007,NA
Switzerland,2008,NA
Switzerland,2009,298000000
Switzerland,2010,NA
Switzerland,2011,NA
Switzerland,2012,NA
Switzerland,2013,NA
Switzerland,2014,305000000
Chile,1989,2590000000
Chile,1999,2660000000
Chile,2000,NA
Chile,2001,NA
Chile,2002,NA
Chile,2003,NA
Chile,2004,2680000000
Chile,2005,NA
Chile,2006,NA
Chile,2007,NA
Chile,2008,NA
Chile,2009,2700000000
Chile,2010,NA
Chile,2011,NA
Chile,2012,NA
Chile,2013,NA
Chile,2014,2980000000
China,1989,9510000000
China,1999,11400000000
China,2000,NA
China,2001,NA
China,2002,NA
China,2003,NA
China,2004,12400000000
China,2005,NA
China,2006,NA
China,2007,NA
China,2008,NA
China,2009,13500000000
China,2010,NA
China,2011,NA
China,2012,NA
China,2013,NA
China,2014,14400000000
Cote d'Ivoire,1989,3940000000
Cote d'Ivoire,1999,3980000000
Cote d'Ivoire,2000,NA
Cote d'Ivoire,2001,NA
Cote d'Ivoire,2002,NA
Cote d'Ivoire,2003,NA
Cote d'Ivoire,2004,4010000000
Cote d'Ivoire,2005,NA
Cote d'Ivoire,2006,NA
Cote d'Ivoire,2007,NA
Cote d'Ivoire,2008,NA
Cote d'Ivoire,2009,4000000000
Cote d'Ivoire,2010,NA
Cote d'Ivoire,2011,NA
Cote d'Ivoire,2012,NA
Cote d'Ivoire,2013,NA
Cote d'Ivoire,2014,4000000000
Cameroon,1989,7000000000
Cameroon,1999,6370000000
Cameroon,2000,NA
Cameroon,2001,NA
Cameroon,2002,NA
Cameroon,2003,NA
Cameroon,2004,6050000000
Cameroon,2005,NA
Cameroon,2006,NA
Cameroon,2007,NA
Cameroon,2008,NA
Cameroon,2009,5740000000
Cameroon,2010,NA
Cameroon,2011,NA
Cameroon,2012,NA
Cameroon,2013,NA
Cameroon,2014,5420000000
"Congo, Dem. Rep.",1989,43500000000
"Congo, Dem. Rep.",1999,42600000000
"Congo, Dem. Rep.",2000,NA
"Congo, Dem. Rep.",2001,NA
"Congo, Dem. Rep.",2002,NA
"Congo, Dem. Rep.",2003,NA
"Congo, Dem. Rep.",2004,42200000000
"Congo, Dem. Rep.",2005,NA
"Congo, Dem. Rep.",2006,NA
"Congo, Dem. Rep.",2007,NA
"Congo, Dem. Rep.",2008,NA
"Congo, Dem. Rep.",2009,41800000000
"Congo, Dem. Rep.",2010,NA
"Congo, Dem. Rep.",2011,NA
"Congo, Dem. Rep.",2012,NA
"Congo, Dem. Rep.",2013,NA
"Congo, Dem. Rep.",2014,41400000000
"Congo, Rep.",1989,7420000000
"Congo, Rep.",1999,7359999999.999999
"Congo, Rep.",2000,NA
"Congo, Rep.",2001,NA
"Congo, Rep.",2002,NA
"Congo, Rep.",2003,NA
"Congo, Rep.",2004,7340000000
"Congo, Rep.",2005,NA
"Congo, Rep.",2006,NA
"Congo, Rep.",2007,NA
"Congo, Rep.",2008,NA
"Congo, Rep.",2009,7319999999.999999
"Congo, Rep.",2010,NA
"Congo, Rep.",2011,NA
"Congo, Rep.",2012,NA
"Congo, Rep.",2013,NA
"Congo, Rep.",2014,7290000000
Colombia,1989,NA
Colombia,1999,19900000000
Colombia,2000,NA
Colombia,2001,NA
Colombia,2002,NA
Colombia,2003,NA
Colombia,2004,19400000000
Colombia,2005,NA
Colombia,2006,NA
Colombia,2007,NA
Colombia,2008,NA
Colombia,2009,18900000000
Colombia,2010,NA
Colombia,2011,NA
Colombia,2012,NA
Colombia,2013,NA
Colombia,2014,18900000000
Comoros,1989,3840000
Comoros,1999,3500000
Comoros,2000,NA
Comoros,2001,NA
Comoros,2002,NA
Comoros,2003,NA
Comoros,2004,3280000.0000000005
Comoros,2005,NA
Comoros,2006,NA
Comoros,2007,NA
Comoros,2008,NA
Comoros,2009,3080000
Comoros,2010,NA
Comoros,2011,NA
Comoros,2012,NA
Comoros,2013,NA
Comoros,2014,2860000
Costa Rica,1989,497000000
Costa Rica,1999,461000000
Costa Rica,2000,NA
Costa Rica,2001,NA
Costa Rica,2002,NA
Costa Rica,2003,NA
Costa Rica,2004,484000000
Costa Rica,2005,NA
Costa Rica,2006,NA
Costa Rica,2007,NA
Costa Rica,2008,NA
Costa Rica,2009,506000000
Costa Rica,2010,NA
Costa Rica,2011,NA
Costa Rica,2012,NA
Costa Rica,2013,NA
Costa Rica,2014,NA
Cuba,1989,438000000
Cuba,1999,641000000
Cuba,2000,NA
Cuba,2001,NA
Cuba,2002,NA
Cuba,2003,NA
Cuba,2004,736000000
Cuba,2005,NA
Cuba,2006,NA
Cuba,2007,NA
Cuba,2008,NA
Cuba,2009,626000000
Cuba,2010,NA
Cuba,2011,NA
Cuba,2012,NA
Cuba,2013,NA
Cuba,2014,667000000
Cyprus,1989,5100000
Cyprus,1999,5460000
Cyprus,2000,NA
Cyprus,2001,NA
Cyprus,2002,NA
Cyprus,2003,NA
Cyprus,2004,5780000
Cyprus,2005,NA
Cyprus,2006,NA
Cyprus,2007,NA
Cyprus,2008,NA
Cyprus,2009,6830000
Cyprus,2010,NA
Cyprus,2011,NA
Cyprus,2012,NA
Cyprus,2013,NA
Cyprus,2014,7659999.999999999
Czech Republic,1989,611000000
Czech Republic,1999,686000000
Czech Republic,2000,NA
Czech Republic,2001,NA
Czech Republic,2002,NA
Czech Republic,2003,NA
Czech Republic,2004,723000000
Czech Republic,2005,NA
Czech Republic,2006,NA
Czech Republic,2007,NA
Czech Republic,2008,NA
Czech Republic,2009,742000000
Czech Republic,2010,NA
Czech Republic,2011,NA
Czech Republic,2012,NA
Czech Republic,2013,NA
Czech Republic,2014,779000000
Germany,1989,1740000000
Germany,1999,2080000000
Germany,2000,NA
Germany,2001,NA
Germany,2002,NA
Germany,2003,NA
Germany,2004,2170000000
Germany,2005,NA
Germany,2006,NA
Germany,2007,NA
Germany,2008,NA
Germany,2009,2240000000
Germany,2010,NA
Germany,2011,NA
Germany,2012,NA
Germany,2013,NA
Germany,2014,2380000000
Djibouti,1989,480000
Djibouti,1999,480000
Djibouti,2000,NA
Djibouti,2001,NA
Djibouti,2002,NA
Djibouti,2003,NA
Djibouti,2004,480000
Djibouti,2005,NA
Djibouti,2006,NA
Djibouti,2007,NA
Djibouti,2008,NA
Djibouti,2009,480000
Djibouti,2010,NA
Djibouti,2011,NA
Djibouti,2012,NA
Djibouti,2013,NA
Djibouti,2014,480000
Denmark,1989,68000000
Denmark,1999,73000000
Denmark,2000,NA
Denmark,2001,NA
Denmark,2002,NA
Denmark,2003,NA
Denmark,2004,75000000
Denmark,2005,NA
Denmark,2006,NA
Denmark,2007,NA
Denmark,2008,NA
Denmark,2009,77000000
Denmark,2010,NA
Denmark,2011,NA
Denmark,2012,NA
Denmark,2013,NA
Denmark,2014,82000000
Dominican Republic,1989,168000000
Dominican Republic,1999,226000000
Dominican Republic,2000,NA
Dominican Republic,2001,NA
Dominican Republic,2002,NA
Dominican Republic,2003,NA
Dominican Republic,2004,252000000
Dominican Republic,2005,NA
Dominican Republic,2006,NA
Dominican Republic,2007,NA
Dominican Republic,2008,NA
Dominican Republic,2009,277000000
Dominican Republic,2010,NA
Dominican Republic,2011,NA
Dominican Republic,2012,NA
Dominican Republic,2013,NA
Dominican Republic,2014,302000000
Algeria,1989,72000000
Algeria,1999,68300000
Algeria,2000,NA
Algeria,2001,NA
Algeria,2002,NA
Algeria,2003,NA
Algeria,2004,66400000.00000001
Algeria,2005,NA
Algeria,2006,NA
Algeria,2007,NA
Algeria,2008,NA
Algeria,2009,83000000
Algeria,2010,NA
Algeria,2011,NA
Algeria,2012,NA
Algeria,2013,NA
Algeria,2014,84500000
Ecuador,1989,3490000000
Ecuador,1999,3260000000
Ecuador,2000,NA
Ecuador,2001,NA
Ecuador,2002,NA
Ecuador,2003,NA
Ecuador,2004,3160000000
Ecuador,2005,NA
Ecuador,2006,NA
Ecuador,2007,NA
Ecuador,2008,NA
Ecuador,2009,3070000000
Ecuador,2010,NA
Ecuador,2011,NA
Ecuador,2012,NA
Ecuador,2013,NA
Ecuador,2014,2980000000
Egypt,1989,9310000
Egypt,1999,12500000
Egypt,2000,NA
Egypt,2001,NA
Egypt,2002,NA
Egypt,2003,NA
Egypt,2004,14200000
Egypt,2005,NA
Egypt,2006,NA
Egypt,2007,NA
Egypt,2008,NA
Egypt,2009,14800000
Egypt,2010,NA
Egypt,2011,NA
Egypt,2012,NA
Egypt,2013,NA
Egypt,2014,15500000
Western Sahara,1989,65300000
Western Sahara,1999,65300000
Western Sahara,2000,NA
Western Sahara,2001,NA
Western Sahara,2002,NA
Western Sahara,2003,NA
Western Sahara,2004,65300000
Western Sahara,2005,NA
Western Sahara,2006,NA
Western Sahara,2007,NA
Western Sahara,2008,NA
Western Sahara,2009,65300000
Western Sahara,2010,NA
Western Sahara,2011,NA
Western Sahara,2012,NA
Western Sahara,2013,NA
Western Sahara,2014,65300000
Spain,1989,650000000
Spain,1999,907000000
Spain,2000,NA
Spain,2001,NA
Spain,2002,NA
Spain,2003,NA
Spain,2004,1040000000
Spain,2005,NA
Spain,2006,NA
Spain,2007,NA
Spain,2008,NA
Spain,2009,1130000000
Spain,2010,NA
Spain,2011,NA
Spain,2012,NA
Spain,2013,NA
Spain,2014,1220000000
Estonia,1989,282000000
Estonia,1999,317000000
Estonia,2000,NA
Estonia,2001,NA
Estonia,2002,NA
Estonia,2003,NA
Estonia,2004,314000000
Estonia,2005,NA
Estonia,2006,NA
Estonia,2007,NA
Estonia,2008,NA
Estonia,2009,326000000
Estonia,2010,NA
Estonia,2011,NA
Estonia,2012,NA
Estonia,2013,NA
Estonia,2014,330000000
Ethiopia,1989,615000000
Ethiopia,1999,541000000
Ethiopia,2000,NA
Ethiopia,2001,NA
Ethiopia,2002,NA
Ethiopia,2003,NA
Ethiopia,2004,503000000
Ethiopia,2005,NA
Ethiopia,2006,NA
Ethiopia,2007,NA
Ethiopia,2008,NA
Ethiopia,2009,466000000
Ethiopia,2010,NA
Ethiopia,2011,NA
Ethiopia,2012,NA
Ethiopia,2013,NA
Ethiopia,2014,NA
Finland,1989,1270000000
Finland,1999,1430000000
Finland,2000,NA
Finland,2001,NA
Finland,2002,NA
Finland,2003,NA
Finland,2004,1490000000
Finland,2005,NA
Finland,2006,NA
Finland,2007,NA
Finland,2008,NA
Finland,2009,1560000000
Finland,2010,NA
Finland,2011,NA
Finland,2012,NA
Finland,2013,NA
Finland,2014,1560000000
Falkland Is (Malvinas),1989,0
Falkland Is (Malvinas),1999,0
Falkland Is (Malvinas),2000,NA
Falkland Is (Malvinas),2001,NA
Falkland Is (Malvinas),2002,NA
Falkland Is (Malvinas),2003,NA
Falkland Is (Malvinas),2004,0
Falkland Is (Malvinas),2005,NA
Falkland Is (Malvinas),2006,NA
Falkland Is (Malvinas),2007,NA
Falkland Is (Malvinas),2008,NA
Falkland Is (Malvinas),2009,0
Falkland Is (Malvinas),2010,NA
Falkland Is (Malvinas),2011,NA
Falkland Is (Malvinas),2012,NA
Falkland Is (Malvinas),2013,NA
Falkland Is (Malvinas),2014,0
France,1989,2029999999.9999998
France,1999,2210000000
France,2000,NA
France,2001,NA
France,2002,NA
France,2003,NA
France,2004,2449999999.9999995
France,2005,NA
France,2006,NA
France,2007,NA
France,2008,NA
France,2009,2630000000
France,2010,NA
France,2011,NA
France,2012,NA
France,2013,NA
France,2014,2869999999.9999995
Faeroe Islands,1989,0
Faeroe Islands,1999,0
Faeroe Islands,2000,NA
Faeroe Islands,2001,NA
Faeroe Islands,2002,NA
Faeroe Islands,2003,NA
Faeroe Islands,2004,0
Faeroe Islands,2005,NA
Faeroe Islands,2006,NA
Faeroe Islands,2007,NA
Faeroe Islands,2008,NA
Faeroe Islands,2009,0
Faeroe Islands,2010,NA
Faeroe Islands,2011,NA
Faeroe Islands,2012,NA
Faeroe Islands,2013,NA
Faeroe Islands,2014,0
"Micronesia, Fed. Sts.",1989,40400000
"Micronesia, Fed. Sts.",1999,40600000
"Micronesia, Fed. Sts.",2000,NA
"Micronesia, Fed. Sts.",2001,NA
"Micronesia, Fed. Sts.",2002,NA
"Micronesia, Fed. Sts.",2003,NA
"Micronesia, Fed. Sts.",2004,40700000
"Micronesia, Fed. Sts.",2005,NA
"Micronesia, Fed. Sts.",2006,NA
"Micronesia, Fed. Sts.",2007,NA
"Micronesia, Fed. Sts.",2008,NA
"Micronesia, Fed. Sts.",2009,40800000
"Micronesia, Fed. Sts.",2010,NA
"Micronesia, Fed. Sts.",2011,NA
"Micronesia, Fed. Sts.",2012,NA
"Micronesia, Fed. Sts.",2013,NA
"Micronesia, Fed. Sts.",2014,40800000
Gabon,1989,6090000000
Gabon,1999,6090000000
Gabon,2000,NA
Gabon,2001,NA
Gabon,2002,NA
Gabon,2003,NA
Gabon,2004,6090000000
Gabon,2005,NA
Gabon,2006,NA
Gabon,2007,NA
Gabon,2008,NA
Gabon,2009,6090000000
Gabon,2010,NA
Gabon,2011,NA
Gabon,2012,NA
Gabon,2013,NA
Gabon,2014,6370000000
United Kingdom,1989,267000000
United Kingdom,1999,350000000
United Kingdom,2000,NA
United Kingdom,2001,NA
United Kingdom,2002,NA
United Kingdom,2003,NA
United Kingdom,2004,392000000
United Kingdom,2005,NA
United Kingdom,2006,NA
United Kingdom,2007,NA
United Kingdom,2008,NA
United Kingdom,2009,433000000
United Kingdom,2010,NA
United Kingdom,2011,NA
United Kingdom,2012,NA
United Kingdom,2013,NA
United Kingdom,2014,475000000
Georgia,1989,383000000
Georgia,1999,405000000
Georgia,2000,NA
Georgia,2001,NA
Georgia,2002,NA
Georgia,2003,NA
Georgia,2004,415000000
Georgia,2005,NA
Georgia,2006,NA
Georgia,2007,NA
Georgia,2008,NA
Georgia,2009,425000000
Georgia,2010,NA
Georgia,2011,NA
Georgia,2012,NA
Georgia,2013,NA
Georgia,2014,425000000
Ghana,1989,1740000000
Ghana,1999,1630000000
Ghana,2000,NA
Ghana,2001,NA
Ghana,2002,NA
Ghana,2003,NA
Ghana,2004,1520000000
Ghana,2005,NA
Ghana,2006,NA
Ghana,2007,NA
Ghana,2008,NA
Ghana,2009,1540000000
Ghana,2010,NA
Ghana,2011,NA
Ghana,2012,NA
Ghana,2013,NA
Ghana,2014,1520000000
Gibraltar,1989,0
Gibraltar,1999,0
Gibraltar,2000,NA
Gibraltar,2001,NA
Gibraltar,2002,NA
Gibraltar,2003,NA
Gibraltar,2004,0
Gibraltar,2005,NA
Gibraltar,2006,NA
Gibraltar,2007,NA
Gibraltar,2008,NA
Gibraltar,2009,0
Gibraltar,2010,NA
Gibraltar,2011,NA
Gibraltar,2012,NA
Gibraltar,2013,NA
Gibraltar,2014,0
Guinea,1989,1370000000
Guinea,1999,1310000000
Guinea,2000,NA
Guinea,2001,NA
Guinea,2002,NA
Guinea,2003,NA
Guinea,2004,1270000000
Guinea,2005,NA
Guinea,2006,NA
Guinea,2007,NA
Guinea,2008,NA
Guinea,2009,1240000000
Guinea,2010,NA
Guinea,2011,NA
Guinea,2012,NA
Guinea,2013,NA
Guinea,2014,1200000000
Guadeloupe,1989,28400000
Guadeloupe,1999,27500000
Guadeloupe,2000,NA
Guadeloupe,2001,NA
Guadeloupe,2002,NA
Guadeloupe,2003,NA
Guadeloupe,2004,27100000
Guadeloupe,2005,NA
Guadeloupe,2006,NA
Guadeloupe,2007,NA
Guadeloupe,2008,NA
Guadeloupe,2009,26700000
Guadeloupe,2010,NA
Guadeloupe,2011,NA
Guadeloupe,2012,NA
Guadeloupe,2013,NA
Guadeloupe,2014,26700000
Gambia,1989,61900000
Gambia,1999,64500000
Gambia,2000,NA
Gambia,2001,NA
Gambia,2002,NA
Gambia,2003,NA
Gambia,2004,65800000
Gambia,2005,NA
Gambia,2006,NA
Gambia,2007,NA
Gambia,2008,NA
Gambia,2009,67200000
Gambia,2010,NA
Gambia,2011,NA
Gambia,2012,NA
Gambia,2013,NA
Gambia,2014,68200000
Guinea-Bissau,1989,224000000
Guinea-Bissau,1999,215000000
Guinea-Bissau,2000,NA
Guinea-Bissau,2001,NA
Guinea-Bissau,2002,NA
Guinea-Bissau,2003,NA
Guinea-Bissau,2004,210000000
Guinea-Bissau,2005,NA
Guinea-Bissau,2006,NA
Guinea-Bissau,2007,NA
Guinea-Bissau,2008,NA
Guinea-Bissau,2009,205000000
Guinea-Bissau,2010,NA
Guinea-Bissau,2011,NA
Guinea-Bissau,2012,NA
Guinea-Bissau,2013,NA
Guinea-Bissau,2014,198000000
Equatorial Guinea,1989,493000000
Equatorial Guinea,1999,462000000
Equatorial Guinea,2000,NA
Equatorial Guinea,2001,NA
Equatorial Guinea,2002,NA
Equatorial Guinea,2003,NA
Equatorial Guinea,2004,447000000
Equatorial Guinea,2005,NA
Equatorial Guinea,2006,NA
Equatorial Guinea,2007,NA
Equatorial Guinea,2008,NA
Equatorial Guinea,2009,431000000
Equatorial Guinea,2010,NA
Equatorial Guinea,2011,NA
Equatorial Guinea,2012,NA
Equatorial Guinea,2013,NA
Equatorial Guinea,2014,416000000
Greece,1989,143000000
Greece,1999,156000000
Greece,2000,NA
Greece,2001,NA
Greece,2002,NA
Greece,2003,NA
Greece,2004,162000000
Greece,2005,NA
Greece,2006,NA
Greece,2007,NA
Greece,2008,NA
Greece,2009,169000000
Greece,2010,NA
Greece,2011,NA
Greece,2012,NA
Greece,2013,NA
Greece,2014,176000000
Grenada,1989,2800000
Grenada,1999,2800000
Grenada,2000,NA
Grenada,2001,NA
Grenada,2002,NA
Grenada,2003,NA
Grenada,2004,1780000
Grenada,2005,NA
Grenada,2006,NA
Grenada,2007,NA
Grenada,2008,NA
Grenada,2009,2290000
Grenada,2010,NA
Grenada,2011,NA
Grenada,2012,NA
Grenada,2013,NA
Grenada,2014,NA
Greenland,1989,0
Greenland,1999,0
Greenland,2000,NA
Greenland,2001,NA
Greenland,2002,NA
Greenland,2003,NA
Greenland,2004,0
Greenland,2005,NA
Greenland,2006,NA
Greenland,2007,NA
Greenland,2008,NA
Greenland,2009,0
Greenland,2010,NA
Greenland,2011,NA
Greenland,2012,NA
Greenland,2013,NA
Greenland,2014,0
Guatemala,1989,730000000
Guatemala,1999,647000000
Guatemala,2000,NA
Guatemala,2001,NA
Guatemala,2002,NA
Guatemala,2003,NA
Guatemala,2004,605000000
Guatemala,2005,NA
Guatemala,2006,NA
Guatemala,2007,NA
Guatemala,2008,NA
Guatemala,2009,563000000
Guatemala,2010,NA
Guatemala,2011,NA
Guatemala,2012,NA
Guatemala,2013,NA
Guatemala,2014,544000000
French Guiana,1989,3530000000
French Guiana,1999,3520000000
French Guiana,2000,NA
French Guiana,2001,NA
French Guiana,2002,NA
French Guiana,2003,NA
French Guiana,2004,3510000000
French Guiana,2005,NA
French Guiana,2006,NA
French Guiana,2007,NA
French Guiana,2008,NA
French Guiana,2009,3500000000
French Guiana,2010,NA
French Guiana,2011,NA
French Guiana,2012,NA
French Guiana,2013,NA
French Guiana,2014,3500000000
Guam,1989,3600000
Guam,1999,3600000
Guam,2000,NA
Guam,2001,NA
Guam,2002,NA
Guam,2003,NA
Guam,2004,10800000
Guam,2005,NA
Guam,2006,NA
Guam,2007,NA
Guam,2008,NA
Guam,2009,3600000
Guam,2010,NA
Guam,2011,NA
Guam,2012,NA
Guam,2013,NA
Guam,2014,3600000
Guyana,1989,9700000000
Guyana,1999,9670000000
Guyana,2000,NA
Guyana,2001,NA
Guyana,2002,NA
Guyana,2003,NA
Guyana,2004,9660000000
Guyana,2005,NA
Guyana,2006,NA
Guyana,2007,NA
Guyana,2008,NA
Guyana,2009,9650000000
Guyana,2010,NA
Guyana,2011,NA
Guyana,2012,NA
Guyana,2013,NA
Guyana,2014,9620000000
Honduras,1989,1100000000
Honduras,1999,864000000
Honduras,2000,NA
Honduras,2001,NA
Honduras,2002,NA
Honduras,2003,NA
Honduras,2004,784000000
Honduras,2005,NA
Honduras,2006,NA
Honduras,2007,NA
Honduras,2008,NA
Honduras,2009,702000000
Honduras,2010,NA
Honduras,2011,NA
Honduras,2012,NA
Honduras,2013,NA
Honduras,2014,620000000
Holy See,1989,0
Holy See,1999,0
Holy See,2000,NA
Holy See,2001,NA
Holy See,2002,NA
Holy See,2003,NA
Holy See,2004,0
Holy See,2005,NA
Holy See,2006,NA
Holy See,2007,NA
Holy See,2008,NA
Holy See,2009,0
Holy See,2010,NA
Holy See,2011,NA
Holy See,2012,NA
Holy See,2013,NA
Holy See,2014,0
Croatia,1989,404000000
Croatia,1999,471000000
Croatia,2000,NA
Croatia,2001,NA
Croatia,2002,NA
Croatia,2003,NA
Croatia,2004,505000000
Croatia,2005,NA
Croatia,2006,NA
Croatia,2007,NA
Croatia,2008,NA
Croatia,2009,533000000
Croatia,2010,NA
Croatia,2011,NA
Croatia,2012,NA
Croatia,2013,NA
Croatia,2014,544000000
Haiti,1989,13400000
Haiti,1999,12600000
Haiti,2000,NA
Haiti,2001,NA
Haiti,2002,NA
Haiti,2003,NA
Haiti,2004,12100000
Haiti,2005,NA
Haiti,2006,NA
Haiti,2007,NA
Haiti,2008,NA
Haiti,2009,11600000
Haiti,2010,NA
Haiti,2011,NA
Haiti,2012,NA
Haiti,2013,NA
Haiti,2014,11300000
Hungary,1989,198000000
Hungary,1999,221000000
Hungary,2000,NA
Hungary,2001,NA
Hungary,2002,NA
Hungary,2003,NA
Hungary,2004,231000000
Hungary,2005,NA
Hungary,2006,NA
Hungary,2007,NA
Hungary,2008,NA
Hungary,2009,243000000
Hungary,2010,NA
Hungary,2011,NA
Hungary,2012,NA
Hungary,2013,NA
Hungary,2014,255000000
Indonesia,1989,34800000000
Indonesia,1999,32299999999.999996
Indonesia,2000,NA
Indonesia,2001,NA
Indonesia,2002,NA
Indonesia,2003,NA
Indonesia,2004,30400000000
Indonesia,2005,NA
Indonesia,2006,NA
Indonesia,2007,NA
Indonesia,2008,NA
Indonesia,2009,27700000000
Indonesia,2010,NA
Indonesia,2011,NA
Indonesia,2012,NA
Indonesia,2013,NA
Indonesia,2014,25000000000
India,1989,3440000000
India,1999,3680000000
India,2000,NA
India,2001,NA
India,2002,NA
India,2003,NA
India,2004,4050000000
India,2005,NA
India,2006,NA
India,2007,NA
India,2008,NA
India,2009,4330000000
India,2010,NA
India,2011,NA
India,2012,NA
India,2013,NA
India,2014,4090000000
Ireland,1989,49000000
Ireland,1999,67000000
Ireland,2000,NA
Ireland,2001,NA
Ireland,2002,NA
Ireland,2003,NA
Ireland,2004,74600000
Ireland,2005,NA
Ireland,2006,NA
Ireland,2007,NA
Ireland,2008,NA
Ireland,2009,97100000
Ireland,2010,NA
Ireland,2011,NA
Ireland,2012,NA
Ireland,2013,NA
Ireland,2014,NA
Iran,1989,529000000
Iran,1999,530000000
Iran,2000,NA
Iran,2001,NA
Iran,2002,NA
Iran,2003,NA
Iran,2004,540000000
Iran,2005,NA
Iran,2006,NA
Iran,2007,NA
Iran,2008,NA
Iran,2009,549000000
Iran,2010,NA
Iran,2011,NA
Iran,2012,NA
Iran,2013,NA
Iran,2014,354000000
Iceland,1989,330000
Iceland,1999,440000
Iceland,2000,NA
Iceland,2001,NA
Iceland,2002,NA
Iceland,2003,NA
Iceland,2004,570000
Iceland,2005,NA
Iceland,2006,NA
Iceland,2007,NA
Iceland,2008,NA
Iceland,2009,790000
Iceland,2010,NA
Iceland,2011,NA
Iceland,2012,NA
Iceland,2013,NA
Iceland,2014,1280000
Israel,1989,9500000
Israel,1999,9100000
Israel,2000,NA
Israel,2001,NA
Israel,2002,NA
Israel,2003,NA
Israel,2004,9200000
Israel,2005,NA
Israel,2006,NA
Israel,2007,NA
Israel,2008,NA
Israel,2009,9300000
Israel,2010,NA
Israel,2011,NA
Israel,2012,NA
Israel,2013,NA
Israel,2014,9490000
Italy,1989,799000000
Italy,1999,993000000
Italy,2000,NA
Italy,2001,NA
Italy,2002,NA
Italy,2003,NA
Italy,2004,1090000000
Italy,2005,NA
Italy,2006,NA
Italy,2007,NA
Italy,2008,NA
Italy,2009,1190000000.0000002
Italy,2010,NA
Italy,2011,NA
Italy,2012,NA
Italy,2013,NA
Italy,2014,1280000000
Jamaica,1989,103000000
Jamaica,1999,102000000
Jamaica,2000,NA
Jamaica,2001,NA
Jamaica,2002,NA
Jamaica,2003,NA
Jamaica,2004,102000000
Jamaica,2005,NA
Jamaica,2006,NA
Jamaica,2007,NA
Jamaica,2008,NA
Jamaica,2009,101000000
Jamaica,2010,NA
Jamaica,2011,NA
Jamaica,2012,NA
Jamaica,2013,NA
Jamaica,2014,101000000
Jordan,1989,5020000
Jordan,1999,5020000
Jordan,2000,NA
Jordan,2001,NA
Jordan,2002,NA
Jordan,2003,NA
Jordan,2004,5020000
Jordan,2005,NA
Jordan,2006,NA
Jordan,2007,NA
Jordan,2008,NA
Jordan,2009,5020000
Jordan,2010,NA
Jordan,2011,NA
Jordan,2012,NA
Jordan,2013,NA
Jordan,2014,5020000
Japan,1989,2320000000
Japan,1999,2760000000
Japan,2000,NA
Japan,2001,NA
Japan,2002,NA
Japan,2003,NA
Japan,2004,2889999999.9999995
Japan,2005,NA
Japan,2006,NA
Japan,2007,NA
Japan,2008,NA
Japan,2009,3300000000
Japan,2010,NA
Japan,2011,NA
Japan,2012,NA
Japan,2013,NA
Japan,2014,NA
Kazakhstan,1989,275000000
Kazakhstan,1999,273000000
Kazakhstan,2000,NA
Kazakhstan,2001,NA
Kazakhstan,2002,NA
Kazakhstan,2003,NA
Kazakhstan,2004,274000000
Kazakhstan,2005,NA
Kazakhstan,2006,NA
Kazakhstan,2007,NA
Kazakhstan,2008,NA
Kazakhstan,2009,274000000
Kazakhstan,2010,NA
Kazakhstan,2011,NA
Kazakhstan,2012,NA
Kazakhstan,2013,NA
Kazakhstan,2014,274000000
Kenya,1989,1370000000
Kenya,1999,1030000000
Kenya,2000,NA
Kenya,2001,NA
Kenya,2002,NA
Kenya,2003,NA
Kenya,2004,1170000000.0000002
Kenya,2005,NA
Kenya,2006,NA
Kenya,2007,NA
Kenya,2008,NA
Kenya,2009,1260000000
Kenya,2010,NA
Kenya,2011,NA
Kenya,2012,NA
Kenya,2013,NA
Kenya,2014,1350000000
Kyrgyz Republic,1989,57100000
Kyrgyz Republic,1999,71700000
Kyrgyz Republic,2000,NA
Kyrgyz Republic,2001,NA
Kyrgyz Republic,2002,NA
Kyrgyz Republic,2003,NA
Kyrgyz Republic,2004,78800000
Kyrgyz Republic,2005,NA
Kyrgyz Republic,2006,NA
Kyrgyz Republic,2007,NA
Kyrgyz Republic,2008,NA
Kyrgyz Republic,2009,35900000
Kyrgyz Republic,2010,NA
Kyrgyz Republic,2011,NA
Kyrgyz Republic,2012,NA
Kyrgyz Republic,2013,NA
Kyrgyz Republic,2014,35900000
Cambodia,1989,1290000000
Cambodia,1999,1140000000.0000002
Cambodia,2000,NA
Cambodia,2001,NA
Cambodia,2002,NA
Cambodia,2003,NA
Cambodia,2004,1050000000
Cambodia,2005,NA
Cambodia,2006,NA
Cambodia,2007,NA
Cambodia,2008,NA
Cambodia,2009,987000000
Cambodia,2010,NA
Cambodia,2011,NA
Cambodia,2012,NA
Cambodia,2013,NA
Cambodia,2014,919000000
South Korea,1989,292000000
South Korea,1999,480000000
South Korea,2000,NA
South Korea,2001,NA
South Korea,2002,NA
South Korea,2003,NA
South Korea,2004,597000000
South Korea,2005,NA
South Korea,2006,NA
South Korea,2007,NA
South Korea,2008,NA
South Korea,2009,729000000
South Korea,2010,NA
South Korea,2011,NA
South Korea,2012,NA
South Korea,2013,NA
South Korea,2014,839000000
Lao,1989,2449999999.9999995
Lao,1999,2400000000
Lao,2000,NA
Lao,2001,NA
Lao,2002,NA
Lao,2003,NA
Lao,2004,2360000000
Lao,2005,NA
Lao,2006,NA
Lao,2007,NA
Lao,2008,NA
Lao,2009,2309999999.9999995
Lao,2010,NA
Lao,2011,NA
Lao,2012,NA
Lao,2013,NA
Lao,2014,2260000000
Lebanon,1989,NA
Lebanon,1999,NA
Lebanon,2000,NA
Lebanon,2001,NA
Lebanon,2002,NA
Lebanon,2003,NA
Lebanon,2004,3530000
Lebanon,2005,NA
Lebanon,2006,NA
Lebanon,2007,NA
Lebanon,2008,NA
Lebanon,2009,3690000
Lebanon,2010,NA
Lebanon,2011,NA
Lebanon,2012,NA
Lebanon,2013,NA
Lebanon,2014,3700000
Liberia,1989,1420000000
Liberia,1999,1330000000
Liberia,2000,NA
Liberia,2001,NA
Liberia,2002,NA
Liberia,2003,NA
Liberia,2004,1290000000
Liberia,2005,NA
Liberia,2006,NA
Liberia,2007,NA
Liberia,2008,NA
Liberia,2009,1240000000
Liberia,2010,NA
Liberia,2011,NA
Liberia,2012,NA
Liberia,2013,NA
Liberia,2014,1240000000
Libya,1989,12900000
Libya,1999,12900000
Libya,2000,NA
Libya,2001,NA
Libya,2002,NA
Libya,2003,NA
Libya,2004,12900000
Libya,2005,NA
Libya,2006,NA
Libya,2007,NA
Libya,2008,NA
Libya,2009,12900000
Libya,2010,NA
Libya,2011,NA
Libya,2012,NA
Libya,2013,NA
Libya,2014,12900000
Liechtenstein,1989,960000
Liechtenstein,1999,1020000
Liechtenstein,2000,NA
Liechtenstein,2001,NA
Liechtenstein,2002,NA
Liechtenstein,2003,NA
Liechtenstein,2004,1020000
Liechtenstein,2005,NA
Liechtenstein,2006,NA
Liechtenstein,2007,NA
Liechtenstein,2008,NA
Liechtenstein,2009,1020000
Liechtenstein,2010,NA
Liechtenstein,2011,NA
Liechtenstein,2012,NA
Liechtenstein,2013,NA
Liechtenstein,2014,1020000
Sri Lanka,1989,183000000
Sri Lanka,1999,170000000
Sri Lanka,2000,NA
Sri Lanka,2001,NA
Sri Lanka,2002,NA
Sri Lanka,2003,NA
Sri Lanka,2004,160000000
Sri Lanka,2005,NA
Sri Lanka,2006,NA
Sri Lanka,2007,NA
Sri Lanka,2008,NA
Sri Lanka,2009,158000000
Sri Lanka,2010,NA
Sri Lanka,2011,NA
Sri Lanka,2012,NA
Sri Lanka,2013,NA
Sri Lanka,2014,153000000
Lesotho,1989,4490000
Lesotho,1999,4710000
Lesotho,2000,NA
Lesotho,2001,NA
Lesotho,2002,NA
Lesotho,2003,NA
Lesotho,2004,4840000
Lesotho,2005,NA
Lesotho,2006,NA
Lesotho,2007,NA
Lesotho,2008,NA
Lesotho,2009,4940000
Lesotho,2010,NA
Lesotho,2011,NA
Lesotho,2012,NA
Lesotho,2013,NA
Lesotho,2014,5500000
Lithuania,1989,268000000
Lithuania,1999,291000000
Lithuania,2000,NA
Lithuania,2001,NA
Lithuania,2002,NA
Lithuania,2003,NA
Lithuania,2004,302000000
Lithuania,2005,NA
Lithuania,2006,NA
Lithuania,2007,NA
Lithuania,2008,NA
Lithuania,2009,317000000
Lithuania,2010,NA
Lithuania,2011,NA
Lithuania,2012,NA
Lithuania,2013,NA
Lithuania,2014,334000000
Luxembourg,1989,15600000
Luxembourg,1999,19900000
Luxembourg,2000,NA
Luxembourg,2001,NA
Luxembourg,2002,NA
Luxembourg,2003,NA
Luxembourg,2004,19900000
Luxembourg,2005,NA
Luxembourg,2006,NA
Luxembourg,2007,NA
Luxembourg,2008,NA
Luxembourg,2009,19900000
Luxembourg,2010,NA
Luxembourg,2011,NA
Luxembourg,2012,NA
Luxembourg,2013,NA
Luxembourg,2014,19900000
Latvia,1989,379000000
Latvia,1999,461000000
Latvia,2000,NA
Latvia,2001,NA
Latvia,2002,NA
Latvia,2003,NA
Latvia,2004,478000000
Latvia,2005,NA
Latvia,2006,NA
Latvia,2007,NA
Latvia,2008,NA
Latvia,2009,527000000
Latvia,2010,NA
Latvia,2011,NA
Latvia,2012,NA
Latvia,2013,NA
Latvia,2014,571000000
Morocco,1989,404000000
Morocco,1999,452000000
Morocco,2000,NA
Morocco,2001,NA
Morocco,2002,NA
Morocco,2003,NA
Morocco,2004,480000000
Morocco,2005,NA
Morocco,2006,NA
Morocco,2007,NA
Morocco,2008,NA
Morocco,2009,477000000
Morocco,2010,NA
Morocco,2011,NA
Morocco,2012,NA
Morocco,2013,NA
Morocco,2014,480000000
Monaco,1989,0
Monaco,1999,0
Monaco,2000,NA
Monaco,2001,NA
Monaco,2002,NA
Monaco,2003,NA
Monaco,2004,0
Monaco,2005,NA
Monaco,2006,NA
Monaco,2007,NA
Monaco,2008,NA
Monaco,2009,0
Monaco,2010,NA
Monaco,2011,NA
Monaco,2012,NA
Monaco,2013,NA
Monaco,2014,0
Moldova,1989,47400000
Moldova,1999,55500000
Moldova,2000,NA
Moldova,2001,NA
Moldova,2002,NA
Moldova,2003,NA
Moldova,2004,58500000
Moldova,2005,NA
Moldova,2006,NA
Moldova,2007,NA
Moldova,2008,NA
Moldova,2009,61500000
Moldova,2010,NA
Moldova,2011,NA
Moldova,2012,NA
Moldova,2013,NA
Moldova,2014,65200000
Madagascar,1989,3780000000.0000005
Madagascar,1999,3590000000
Madagascar,2000,NA
Madagascar,2001,NA
Madagascar,2002,NA
Madagascar,2003,NA
Madagascar,2004,3540000000
Madagascar,2005,NA
Madagascar,2006,NA
Madagascar,2007,NA
Madagascar,2008,NA
Madagascar,2009,3460000000
Madagascar,2010,NA
Madagascar,2011,NA
Madagascar,2012,NA
Madagascar,2013,NA
Madagascar,2014,3440000000
Mexico,1989,4390000000
Mexico,1999,4290000000
Mexico,2000,NA
Mexico,2001,NA
Mexico,2002,NA
Mexico,2003,NA
Mexico,2004,4240000000
Mexico,2005,NA
Mexico,2006,NA
Mexico,2007,NA
Mexico,2008,NA
Mexico,2009,4210000000
Mexico,2010,NA
Mexico,2011,NA
Mexico,2012,NA
Mexico,2013,NA
Mexico,2014,4189999999.9999995
Marshall Islands,1989,4609999.999999999
Marshall Islands,1999,4609999.999999999
Marshall Islands,2000,NA
Marshall Islands,2001,NA
Marshall Islands,2002,NA
Marshall Islands,2003,NA
Marshall Islands,2004,4609999.999999999
Marshall Islands,2005,NA
Marshall Islands,2006,NA
Marshall Islands,2007,NA
Marshall Islands,2008,NA
Marshall Islands,2009,4609999.999999999
Marshall Islands,2010,NA
Marshall Islands,2011,NA
Marshall Islands,2012,NA
Marshall Islands,2013,NA
Marshall Islands,2014,4609999.999999999
North Macedonia,1989,128000000
North Macedonia,1999,132000000
North Macedonia,2000,NA
North Macedonia,2001,NA
North Macedonia,2002,NA
North Macedonia,2003,NA
North Macedonia,2004,129000000
North Macedonia,2005,NA
North Macedonia,2006,NA
North Macedonia,2007,NA
North Macedonia,2008,NA
North Macedonia,2009,129000000
North Macedonia,2010,NA
North Macedonia,2011,NA
North Macedonia,2012,NA
North Macedonia,2013,NA
North Macedonia,2014,129000000
Mali,1989,321000000
Mali,1999,283000000
Mali,2000,NA
Mali,2001,NA
Mali,2002,NA
Mali,2003,NA
Mali,2004,264000000
Mali,2005,NA
Mali,2006,NA
Mali,2007,NA
Mali,2008,NA
Mali,2009,245000000
Mali,2010,NA
Mali,2011,NA
Mali,2012,NA
Mali,2013,NA
Mali,2014,226000000
Malta,1989,120000
Malta,1999,120000
Malta,2000,NA
Malta,2001,NA
Malta,2002,NA
Malta,2003,NA
Malta,2004,120000
Malta,2005,NA
Malta,2006,NA
Malta,2007,NA
Malta,2008,NA
Malta,2009,120000
Malta,2010,NA
Malta,2011,NA
Malta,2012,NA
Malta,2013,NA
Malta,2014,120000
Myanmar,1989,4340000000
Myanmar,1999,3860000000
Myanmar,2000,NA
Myanmar,2001,NA
Myanmar,2002,NA
Myanmar,2003,NA
Myanmar,2004,3690000000
Myanmar,2005,NA
Myanmar,2006,NA
Myanmar,2007,NA
Myanmar,2008,NA
Myanmar,2009,3520000000
Myanmar,2010,NA
Myanmar,2011,NA
Myanmar,2012,NA
Myanmar,2013,NA
Myanmar,2014,3300000000
Montenegro,1989,NA
Montenegro,1999,66700000
Montenegro,2000,NA
Montenegro,2001,NA
Montenegro,2002,NA
Montenegro,2003,NA
Montenegro,2004,66700000
Montenegro,2005,NA
Montenegro,2006,NA
Montenegro,2007,NA
Montenegro,2008,NA
Montenegro,2009,113000000
Montenegro,2010,NA
Montenegro,2011,NA
Montenegro,2012,NA
Montenegro,2013,NA
Montenegro,2014,113000000
Mongolia,1989,1430000000
Mongolia,1999,1330000000
Mongolia,2000,NA
Mongolia,2001,NA
Mongolia,2002,NA
Mongolia,2003,NA
Mongolia,2004,1290000000
Mongolia,2005,NA
Mongolia,2006,NA
Mongolia,2007,NA
Mongolia,2008,NA
Mongolia,2009,1240000000
Mongolia,2010,NA
Mongolia,2011,NA
Mongolia,2012,NA
Mongolia,2013,NA
Mongolia,2014,NA
Northern Mariana Islands,1989,6740000
Northern Mariana Islands,1999,6410000
Northern Mariana Islands,2000,NA
Northern Mariana Islands,2001,NA
Northern Mariana Islands,2002,NA
Northern Mariana Islands,2003,NA
Northern Mariana Islands,2004,6250000
Northern Mariana Islands,2005,NA
Northern Mariana Islands,2006,NA
Northern Mariana Islands,2007,NA
Northern Mariana Islands,2008,NA
Northern Mariana Islands,2009,6080000
Northern Mariana Islands,2010,NA
Northern Mariana Islands,2011,NA
Northern Mariana Islands,2012,NA
Northern Mariana Islands,2013,NA
Northern Mariana Islands,2014,5920000
Mozambique,1989,3829999999.9999995
Mozambique,1999,3640000000
Mozambique,2000,NA
Mozambique,2001,NA
Mozambique,2002,NA
Mozambique,2003,NA
Mozambique,2004,3540000000
Mozambique,2005,NA
Mozambique,2006,NA
Mozambique,2007,NA
Mozambique,2008,NA
Mozambique,2009,3449999999.9999995
Mozambique,2010,NA
Mozambique,2011,NA
Mozambique,2012,NA
Mozambique,2013,NA
Mozambique,2014,3349999999.9999995
Mauritania,1989,26500000
Mauritania,1999,20200000
Mauritania,2000,NA
Mauritania,2001,NA
Mauritania,2002,NA
Mauritania,2003,NA
Mauritania,2004,17000000
Mauritania,2005,NA
Mauritania,2006,NA
Mauritania,2007,NA
Mauritania,2008,NA
Mauritania,2009,15500000
Mauritania,2010,NA
Mauritania,2011,NA
Mauritania,2012,NA
Mauritania,2013,NA
Mauritania,2014,19900000
Martinique,1989,NA
Martinique,1999,17600000
Martinique,2000,NA
Martinique,2001,NA
Martinique,2002,NA
Martinique,2003,NA
Martinique,2004,17600000
Martinique,2005,NA
Martinique,2006,NA
Martinique,2007,NA
Martinique,2008,NA
Martinique,2009,17600000
Martinique,2010,NA
Martinique,2011,NA
Martinique,2012,NA
Martinique,2013,NA
Martinique,2014,17600000
Mauritius,1989,5840000
Mauritius,1999,5990000
Mauritius,2000,NA
Mauritius,2001,NA
Mauritius,2002,NA
Mauritius,2003,NA
Mauritius,2004,5470000.000000001
Mauritius,2005,NA
Mauritius,2006,NA
Mauritius,2007,NA
Mauritius,2008,NA
Mauritius,2009,5490000
Mauritius,2010,NA
Mauritius,2011,NA
Mauritius,2012,NA
Mauritius,2013,NA
Mauritius,2014,5530000
Malawi,1989,368000000
Malawi,1999,337000000
Malawi,2000,NA
Malawi,2001,NA
Malawi,2002,NA
Malawi,2003,NA
Malawi,2004,322000000
Malawi,2005,NA
Malawi,2006,NA
Malawi,2007,NA
Malawi,2008,NA
Malawi,2009,305000000
Malawi,2010,NA
Malawi,2011,NA
Malawi,2012,NA
Malawi,2013,NA
Malawi,2014,297000000
Malaysia,1989,6000000000
Malaysia,1999,5530000000
Malaysia,2000,NA
Malaysia,2001,NA
Malaysia,2002,NA
Malaysia,2003,NA
Malaysia,2004,5220000000
Malaysia,2005,NA
Malaysia,2006,NA
Malaysia,2007,NA
Malaysia,2008,NA
Malaysia,2009,5400000000
Malaysia,2010,NA
Malaysia,2011,NA
Malaysia,2012,NA
Malaysia,2013,NA
Malaysia,2014,5930000000.000001
Namibia,1989,538000000
Namibia,1999,493000000
Namibia,2000,NA
Namibia,2001,NA
Namibia,2002,NA
Namibia,2003,NA
Namibia,2004,470000000
Namibia,2005,NA
Namibia,2006,NA
Namibia,2007,NA
Namibia,2008,NA
Namibia,2009,447000000
Namibia,2010,NA
Namibia,2011,NA
Namibia,2012,NA
Namibia,2013,NA
Namibia,2014,424000000
New Caledonia,1989,127000000
New Caledonia,1999,127000000
New Caledonia,2000,NA
New Caledonia,2001,NA
New Caledonia,2002,NA
New Caledonia,2003,NA
New Caledonia,2004,127000000
New Caledonia,2005,NA
New Caledonia,2006,NA
New Caledonia,2007,NA
New Caledonia,2008,NA
New Caledonia,2009,127000000
New Caledonia,2010,NA
New Caledonia,2011,NA
New Caledonia,2012,NA
New Caledonia,2013,NA
New Caledonia,2014,127000000
Niger,1989,127000000
Niger,1999,87000000
Niger,2000,NA
Niger,2001,NA
Niger,2002,NA
Niger,2003,NA
Niger,2004,83000000
Niger,2005,NA
Niger,2006,NA
Niger,2007,NA
Niger,2008,NA
Niger,2009,78000000
Niger,2010,NA
Niger,2011,NA
Niger,2012,NA
Niger,2013,NA
Niger,2014,73000000
Nigeria,1989,4290000000
Nigeria,1999,3300000000
Nigeria,2000,NA
Nigeria,2001,NA
Nigeria,2002,NA
Nigeria,2003,NA
Nigeria,2004,2800000000
Nigeria,2005,NA
Nigeria,2006,NA
Nigeria,2007,NA
Nigeria,2008,NA
Nigeria,2009,2309999999.9999995
Nigeria,2010,NA
Nigeria,2011,NA
Nigeria,2012,NA
Nigeria,2013,NA
Nigeria,2014,1810000000
Nicaragua,1989,1080000000
Nicaragua,1999,910000000
Nicaragua,2000,NA
Nicaragua,2001,NA
Nicaragua,2002,NA
Nicaragua,2003,NA
Nicaragua,2004,827000000
Nicaragua,2005,NA
Nicaragua,2006,NA
Nicaragua,2007,NA
Nicaragua,2008,NA
Nicaragua,2009,743000000
Nicaragua,2010,NA
Nicaragua,2011,NA
Nicaragua,2012,NA
Nicaragua,2013,NA
Nicaragua,2014,743000000
Netherlands,1989,41000000
Netherlands,1999,48000000
Netherlands,2000,NA
Netherlands,2001,NA
Netherlands,2002,NA
Netherlands,2003,NA
Netherlands,2004,50000000
Netherlands,2005,NA
Netherlands,2006,NA
Netherlands,2007,NA
Netherlands,2008,NA
Netherlands,2009,58000000
Netherlands,2010,NA
Netherlands,2011,NA
Netherlands,2012,NA
Netherlands,2013,NA
Netherlands,2014,65000000
Norway,1989,663000000
Norway,1999,752000000
Norway,2000,NA
Norway,2001,NA
Norway,2002,NA
Norway,2003,NA
Norway,2004,819000000
Norway,2005,NA
Norway,2006,NA
Norway,2007,NA
Norway,2008,NA
Norway,2009,885000000
Norway,2010,NA
Norway,2011,NA
Norway,2012,NA
Norway,2013,NA
Norway,2014,952000000
Nepal,1989,1280000000
Nepal,1999,1040000000
Nepal,2000,NA
Nepal,2001,NA
Nepal,2002,NA
Nepal,2003,NA
Nepal,2004,969000000
Nepal,2005,NA
Nepal,2006,NA
Nepal,2007,NA
Nepal,2008,NA
Nepal,2009,969000000
Nepal,2010,NA
Nepal,2011,NA
Nepal,2012,NA
Nepal,2013,NA
Nepal,2014,969000000
Nauru,1989,0
Nauru,1999,0
Nauru,2000,NA
Nauru,2001,NA
Nauru,2002,NA
Nauru,2003,NA
Nauru,2004,0
Nauru,2005,NA
Nauru,2006,NA
Nauru,2007,NA
Nauru,2008,NA
Nauru,2009,0
Nauru,2010,NA
Nauru,2011,NA
Nauru,2012,NA
Nauru,2013,NA
Nauru,2014,0
New Zealand,1989,2490000000
New Zealand,1999,2620000000
New Zealand,2000,NA
New Zealand,2001,NA
New Zealand,2002,NA
New Zealand,2003,NA
New Zealand,2004,2670000000
New Zealand,2005,NA
New Zealand,2006,NA
New Zealand,2007,NA
New Zealand,2008,NA
New Zealand,2009,2730000000
New Zealand,2010,NA
New Zealand,2011,NA
New Zealand,2012,NA
New Zealand,2013,NA
New Zealand,2014,2780000000.0000005
Pakistan,1989,703000000
Pakistan,1999,576000000
Pakistan,2000,NA
Pakistan,2001,NA
Pakistan,2002,NA
Pakistan,2003,NA
Pakistan,2004,517000000
Pakistan,2005,NA
Pakistan,2006,NA
Pakistan,2007,NA
Pakistan,2008,NA
Pakistan,2009,453000000
Pakistan,2010,NA
Pakistan,2011,NA
Pakistan,2012,NA
Pakistan,2013,NA
Pakistan,2014,370000000
Panama,1989,1320000000
Panama,1999,1280000000
Panama,2000,NA
Panama,2001,NA
Panama,2002,NA
Panama,2003,NA
Panama,2004,1250000000
Panama,2005,NA
Panama,2006,NA
Panama,2007,NA
Panama,2008,NA
Panama,2009,1230000000
Panama,2010,NA
Panama,2011,NA
Panama,2012,NA
Panama,2013,NA
Panama,2014,1210000000
Peru,1989,18800000000
Peru,1999,18500000000
Peru,2000,NA
Peru,2001,NA
Peru,2002,NA
Peru,2003,NA
Peru,2004,18400000000
Peru,2005,NA
Peru,2006,NA
Peru,2007,NA
Peru,2008,NA
Peru,2009,18200000000
Peru,2010,NA
Peru,2011,NA
Peru,2012,NA
Peru,2013,NA
Peru,2014,19800000000
Philippines,1989,1370000000
Philippines,1999,1380000000
Philippines,2000,NA
Philippines,2001,NA
Philippines,2002,NA
Philippines,2003,NA
Philippines,2004,1350000000
Philippines,2005,NA
Philippines,2006,NA
Philippines,2007,NA
Philippines,2008,NA
Philippines,2009,1260000000
Philippines,2010,NA
Philippines,2011,NA
Philippines,2012,NA
Philippines,2013,NA
Philippines,2014,1440000000
Palau,1989,20200000
Palau,1999,20900000
Palau,2000,NA
Palau,2001,NA
Palau,2002,NA
Palau,2003,NA
Palau,2004,21300000
Palau,2005,NA
Palau,2006,NA
Palau,2007,NA
Palau,2008,NA
Palau,2009,21300000
Palau,2010,NA
Palau,2011,NA
Palau,2012,NA
Palau,2013,NA
Palau,2014,21300000
Papua New Guinea,1989,13800000000
Papua New Guinea,1999,13800000000
Papua New Guinea,2000,NA
Papua New Guinea,2001,NA
Papua New Guinea,2002,NA
Papua New Guinea,2003,NA
Papua New Guinea,2004,13800000000
Papua New Guinea,2005,NA
Papua New Guinea,2006,NA
Papua New Guinea,2007,NA
Papua New Guinea,2008,NA
Papua New Guinea,2009,13800000000
Papua New Guinea,2010,NA
Papua New Guinea,2011,NA
Papua New Guinea,2012,NA
Papua New Guinea,2013,NA
Papua New Guinea,2014,13800000000
Poland,1989,994000000
Poland,1999,1160000000.0000002
Poland,2000,NA
Poland,2001,NA
Poland,2002,NA
Poland,2003,NA
Poland,2004,1280000000
Poland,2005,NA
Poland,2006,NA
Poland,2007,NA
Poland,2008,NA
Poland,2009,1630000000
Poland,2010,NA
Poland,2011,NA
Poland,2012,NA
Poland,2013,NA
Poland,2014,1750000000
Puerto Rico,1989,28500000
Puerto Rico,1999,34100000
Puerto Rico,2000,NA
Puerto Rico,2001,NA
Puerto Rico,2002,NA
Puerto Rico,2003,NA
Puerto Rico,2004,38200000
Puerto Rico,2005,NA
Puerto Rico,2006,NA
Puerto Rico,2007,NA
Puerto Rico,2008,NA
Puerto Rico,2009,44200000
Puerto Rico,2010,NA
Puerto Rico,2011,NA
Puerto Rico,2012,NA
Puerto Rico,2013,NA
Puerto Rico,2014,50200000
North Korea,1989,509000000
North Korea,1999,440000000
North Korea,2000,NA
North Korea,2001,NA
North Korea,2002,NA
North Korea,2003,NA
North Korea,2004,404000000
North Korea,2005,NA
North Korea,2006,NA
North Korea,2007,NA
North Korea,2008,NA
North Korea,2009,364000000
North Korea,2010,NA
North Korea,2011,NA
North Korea,2012,NA
North Korea,2013,NA
North Korea,2014,323000000
Portugal,1989,237000000
Portugal,1999,232000000
Portugal,2000,NA
Portugal,2001,NA
Portugal,2002,NA
Portugal,2003,NA
Portugal,2004,216000000
Portugal,2005,NA
Portugal,2006,NA
Portugal,2007,NA
Portugal,2008,NA
Portugal,2009,218000000
Portugal,2010,NA
Portugal,2011,NA
Portugal,2012,NA
Portugal,2013,NA
Portugal,2014,NA
French Polynesia,1989,NA
French Polynesia,1999,NA
French Polynesia,2000,NA
French Polynesia,2001,NA
French Polynesia,2002,NA
French Polynesia,2003,NA
French Polynesia,2004,NA
French Polynesia,2005,NA
French Polynesia,2006,NA
French Polynesia,2007,NA
French Polynesia,2008,NA
French Polynesia,2009,43200000
French Polynesia,2010,NA
French Polynesia,2011,NA
French Polynesia,2012,NA
French Polynesia,2013,NA
French Polynesia,2014,43200000
Qatar,1989,0
Qatar,1999,0
Qatar,2000,NA
Qatar,2001,NA
Qatar,2002,NA
Qatar,2003,NA
Qatar,2004,0
Qatar,2005,NA
Qatar,2006,NA
Qatar,2007,NA
Qatar,2008,NA
Qatar,2009,0
Qatar,2010,NA
Qatar,2011,NA
Qatar,2012,NA
Qatar,2013,NA
Qatar,2014,0
Reunion,1989,12600000
Reunion,1999,12600000
Reunion,2000,NA
Reunion,2001,NA
Reunion,2002,NA
Reunion,2003,NA
Reunion,2004,12300000
Reunion,2005,NA
Reunion,2006,NA
Reunion,2007,NA
Reunion,2008,NA
Reunion,2009,12700000
Reunion,2010,NA
Reunion,2011,NA
Reunion,2012,NA
Reunion,2013,NA
Reunion,2014,12700000
Romania,1989,815000000
Romania,1999,814000000
Romania,2000,NA
Romania,2001,NA
Romania,2002,NA
Romania,2003,NA
Romania,2004,818000000
Romania,2005,NA
Romania,2006,NA
Romania,2007,NA
Romania,2008,NA
Romania,2009,833000000
Romania,2010,NA
Romania,2011,NA
Romania,2012,NA
Romania,2013,NA
Romania,2014,1310000000
Russia,1989,65000000000
Russia,1999,64300000000
Russia,2000,NA
Russia,2001,NA
Russia,2002,NA
Russia,2003,NA
Russia,2004,64400000000.00001
Russia,2005,NA
Russia,2006,NA
Russia,2007,NA
Russia,2008,NA
Russia,2009,65000000000
Russia,2010,NA
Russia,2011,NA
Russia,2012,NA
Russia,2013,NA
Russia,2014,65599999999.99999
Rwanda,1989,74900000
Rwanda,1999,37400000
Rwanda,2000,NA
Rwanda,2001,NA
Rwanda,2002,NA
Rwanda,2003,NA
Rwanda,2004,73500000
Rwanda,2005,NA
Rwanda,2006,NA
Rwanda,2007,NA
Rwanda,2008,NA
Rwanda,2009,84000000
Rwanda,2010,NA
Rwanda,2011,NA
Rwanda,2012,NA
Rwanda,2013,NA
Rwanda,2014,91000000
Saudi Arabia,1989,12600000
Saudi Arabia,1999,12600000
Saudi Arabia,2000,NA
Saudi Arabia,2001,NA
Saudi Arabia,2002,NA
Saudi Arabia,2003,NA
Saudi Arabia,2004,12600000
Saudi Arabia,2005,NA
Saudi Arabia,2006,NA
Saudi Arabia,2007,NA
Saudi Arabia,2008,NA
Saudi Arabia,2009,12600000
Saudi Arabia,2010,NA
Saudi Arabia,2011,NA
Saudi Arabia,2012,NA
Saudi Arabia,2013,NA
Saudi Arabia,2014,12600000
Sudan,1989,5090000000
Sudan,1999,4870000000
Sudan,2000,NA
Sudan,2001,NA
Sudan,2002,NA
Sudan,2003,NA
Sudan,2004,4440000000
Sudan,2005,NA
Sudan,2006,NA
Sudan,2007,NA
Sudan,2008,NA
Sudan,2009,4330000000
Sudan,2010,NA
Sudan,2011,NA
Sudan,2012,NA
Sudan,2013,NA
Sudan,2014,4200000000
Senegal,1989,799000000
Senegal,1999,760000000
Senegal,2000,NA
Senegal,2001,NA
Senegal,2002,NA
Senegal,2003,NA
Senegal,2004,741000000
Senegal,2005,NA
Senegal,2006,NA
Senegal,2007,NA
Senegal,2008,NA
Senegal,2009,724000000
Senegal,2010,NA
Senegal,2011,NA
Senegal,2012,NA
Senegal,2013,NA
Senegal,2014,707000000
Svalbard,1989,0
Svalbard,1999,0
Svalbard,2000,NA
Svalbard,2001,NA
Svalbard,2002,NA
Svalbard,2003,NA
Svalbard,2004,0
Svalbard,2005,NA
Svalbard,2006,NA
Svalbard,2007,NA
Svalbard,2008,NA
Svalbard,2009,0
Svalbard,2010,NA
Svalbard,2011,NA
Svalbard,2012,NA
Svalbard,2013,NA
Svalbard,2014,0
Solomon Islands,1989,406000000
Solomon Islands,1999,397000000
Solomon Islands,2000,NA
Solomon Islands,2001,NA
Solomon Islands,2002,NA
Solomon Islands,2003,NA
Solomon Islands,2004,392000000
Solomon Islands,2005,NA
Solomon Islands,2006,NA
Solomon Islands,2007,NA
Solomon Islands,2008,NA
Solomon Islands,2009,387000000
Solomon Islands,2010,NA
Solomon Islands,2011,NA
Solomon Islands,2012,NA
Solomon Islands,2013,NA
Solomon Islands,2014,381000000
Sierra Leone,1989,526000000
Sierra Leone,1999,493000000
Sierra Leone,2000,NA
Sierra Leone,2001,NA
Sierra Leone,2002,NA
Sierra Leone,2003,NA
Sierra Leone,2004,476000000
Sierra Leone,2005,NA
Sierra Leone,2006,NA
Sierra Leone,2007,NA
Sierra Leone,2008,NA
Sierra Leone,2009,460000000
Sierra Leone,2010,NA
Sierra Leone,2011,NA
Sierra Leone,2012,NA
Sierra Leone,2013,NA
Sierra Leone,2014,443000000
San Marino,1989,0
San Marino,1999,0
San Marino,2000,NA
San Marino,2001,NA
San Marino,2002,NA
San Marino,2003,NA
San Marino,2004,0
San Marino,2005,NA
San Marino,2006,NA
San Marino,2007,NA
San Marino,2008,NA
San Marino,2009,0
San Marino,2010,NA
San Marino,2011,NA
San Marino,2012,NA
San Marino,2013,NA
San Marino,2014,0
Somalia,1989,1030000000
Somalia,1999,933000000
Somalia,2000,NA
Somalia,2001,NA
Somalia,2002,NA
Somalia,2003,NA
Somalia,2004,883000000
Somalia,2005,NA
Somalia,2006,NA
Somalia,2007,NA
Somalia,2008,NA
Somalia,2009,838000000
Somalia,2010,NA
Somalia,2011,NA
Somalia,2012,NA
Somalia,2013,NA
Somalia,2014,787000000
Serbia,1989,260000000
Serbia,1999,294000000
Serbia,2000,NA
Serbia,2001,NA
Serbia,2002,NA
Serbia,2003,NA
Serbia,2004,312000000
Serbia,2005,NA
Serbia,2006,NA
Serbia,2007,NA
Serbia,2008,NA
Serbia,2009,500000000
Serbia,2010,NA
Serbia,2011,NA
Serbia,2012,NA
Serbia,2013,NA
Serbia,2014,504000000
St. Barthlemy,1989,0
St. Barthlemy,1999,0
St. Barthlemy,2000,NA
St. Barthlemy,2001,NA
St. Barthlemy,2002,NA
St. Barthlemy,2003,NA
St. Barthlemy,2004,0
St. Barthlemy,2005,NA
St. Barthlemy,2006,NA
St. Barthlemy,2007,NA
St. Barthlemy,2008,NA
St. Barthlemy,2009,0
St. Barthlemy,2010,NA
St. Barthlemy,2011,NA
St. Barthlemy,2012,NA
St. Barthlemy,2013,NA
St. Barthlemy,2014,0
Sao Tome and Principe,1989,17000000
Sao Tome and Principe,1999,17000000
Sao Tome and Principe,2000,NA
Sao Tome and Principe,2001,NA
Sao Tome and Principe,2002,NA
Sao Tome and Principe,2003,NA
Sao Tome and Principe,2004,17000000
Sao Tome and Principe,2005,NA
Sao Tome and Principe,2006,NA
Sao Tome and Principe,2007,NA
Sao Tome and Principe,2008,NA
Sao Tome and Principe,2009,16000000
Sao Tome and Principe,2010,NA
Sao Tome and Principe,2011,NA
Sao Tome and Principe,2012,NA
Sao Tome and Principe,2013,NA
Sao Tome and Principe,2014,16000000
Suriname,1989,4139999999.9999995
Suriname,1999,4119999999.999999
Suriname,2000,NA
Suriname,2001,NA
Suriname,2002,NA
Suriname,2003,NA
Suriname,2004,4119999999.999999
Suriname,2005,NA
Suriname,2006,NA
Suriname,2007,NA
Suriname,2008,NA
Suriname,2009,4109999999.9999995
Suriname,2010,NA
Suriname,2011,NA
Suriname,2012,NA
Suriname,2013,NA
Suriname,2014,4109999999.9999995
Slovak Republic,1989,329000000
Slovak Republic,1999,383000000
Slovak Republic,2000,NA
Slovak Republic,2001,NA
Slovak Republic,2002,NA
Slovak Republic,2003,NA
Slovak Republic,2004,409000000
Slovak Republic,2005,NA
Slovak Republic,2006,NA
Slovak Republic,2007,NA
Slovak Republic,2008,NA
Slovak Republic,2009,427000000
Slovak Republic,2010,NA
Slovak Republic,2011,NA
Slovak Republic,2012,NA
Slovak Republic,2013,NA
Slovak Republic,2014,441000000
Slovenia,1989,188000000
Slovenia,1999,228000000
Slovenia,2000,NA
Slovenia,2001,NA
Slovenia,2002,NA
Slovenia,2003,NA
Slovenia,2004,258000000
Slovenia,2005,NA
Slovenia,2006,NA
Slovenia,2007,NA
Slovenia,2008,NA
Slovenia,2009,281000000
Slovenia,2010,NA
Slovenia,2011,NA
Slovenia,2012,NA
Slovenia,2013,NA
Slovenia,2014,300000000
Sweden,1989,1900000000
Sweden,1999,2029999999.9999998
Sweden,2000,NA
Sweden,2001,NA
Sweden,2002,NA
Sweden,2003,NA
Sweden,2004,2180000000
Sweden,2005,NA
Sweden,2006,NA
Sweden,2007,NA
Sweden,2008,NA
Sweden,2009,2210000000
Sweden,2010,NA
Sweden,2011,NA
Sweden,2012,NA
Sweden,2013,NA
Sweden,2014,2230000000
Eswatini,1989,48100000
Eswatini,1999,47500000
Eswatini,2000,NA
Eswatini,2001,NA
Eswatini,2002,NA
Eswatini,2003,NA
Eswatini,2004,47000000
Eswatini,2005,NA
Eswatini,2006,NA
Eswatini,2007,NA
Eswatini,2008,NA
Eswatini,2009,46700000
Eswatini,2010,NA
Eswatini,2011,NA
Eswatini,2012,NA
Eswatini,2013,NA
Eswatini,2014,46400000
Seychelles,1989,7590000
Seychelles,1999,7590000
Seychelles,2000,NA
Seychelles,2001,NA
Seychelles,2002,NA
Seychelles,2003,NA
Seychelles,2004,7590000
Seychelles,2005,NA
Seychelles,2006,NA
Seychelles,2007,NA
Seychelles,2008,NA
Seychelles,2009,7590000
Seychelles,2010,NA
Seychelles,2011,NA
Seychelles,2012,NA
Seychelles,2013,NA
Seychelles,2014,7590000
Chad,1989,786000000
Chad,1999,741000000
Chad,2000,NA
Chad,2001,NA
Chad,2002,NA
Chad,2003,NA
Chad,2004,719000000
Chad,2005,NA
Chad,2006,NA
Chad,2007,NA
Chad,2008,NA
Chad,2009,645000000
Chad,2010,NA
Chad,2011,NA
Chad,2012,NA
Chad,2013,NA
Chad,2014,571000000
Thailand,1989,1930000000
Thailand,1999,1880000000
Thailand,2000,NA
Thailand,2001,NA
Thailand,2002,NA
Thailand,2003,NA
Thailand,2004,1870000000
Thailand,2005,NA
Thailand,2006,NA
Thailand,2007,NA
Thailand,2008,NA
Thailand,2009,1870000000
Thailand,2010,NA
Thailand,2011,NA
Thailand,2012,NA
Thailand,2013,NA
Thailand,2014,1840000000
Tajikistan,1989,6100000
Tajikistan,1999,5600000
Tajikistan,2000,NA
Tajikistan,2001,NA
Tajikistan,2002,NA
Tajikistan,2003,NA
Tajikistan,2004,5600000
Tajikistan,2005,NA
Tajikistan,2006,NA
Tajikistan,2007,NA
Tajikistan,2008,NA
Tajikistan,2009,5600000
Tajikistan,2010,NA
Tajikistan,2011,NA
Tajikistan,2012,NA
Tajikistan,2013,NA
Tajikistan,2014,5600000
Tokelau,1989,0
Tokelau,1999,0
Tokelau,2000,NA
Tokelau,2001,NA
Tokelau,2002,NA
Tokelau,2003,NA
Tokelau,2004,0
Tokelau,2005,NA
Tokelau,2006,NA
Tokelau,2007,NA
Tokelau,2008,NA
Tokelau,2009,0
Tokelau,2010,NA
Tokelau,2011,NA
Tokelau,2012,NA
Tokelau,2013,NA
Tokelau,2014,0
Turkmenistan,1989,24000000
Turkmenistan,1999,24200000
Turkmenistan,2000,NA
Turkmenistan,2001,NA
Turkmenistan,2002,NA
Turkmenistan,2003,NA
Turkmenistan,2004,25000000
Turkmenistan,2005,NA
Turkmenistan,2006,NA
Turkmenistan,2007,NA
Turkmenistan,2008,NA
Turkmenistan,2009,25000000
Turkmenistan,2010,NA
Turkmenistan,2011,NA
Turkmenistan,2012,NA
Turkmenistan,2013,NA
Turkmenistan,2014,25000000
Tonga,1989,2180000
Tonga,1999,2180000
Tonga,2000,NA
Tonga,2001,NA
Tonga,2002,NA
Tonga,2003,NA
Tonga,2004,2180000
Tonga,2005,NA
Tonga,2006,NA
Tonga,2007,NA
Tonga,2008,NA
Tonga,2009,2180000
Tonga,2010,NA
Tonga,2011,NA
Tonga,2012,NA
Tonga,2013,NA
Tonga,2014,2180000
Trinidad and Tobago,1989,43700000
Trinidad and Tobago,1999,42400000
Trinidad and Tobago,2000,NA
Trinidad and Tobago,2001,NA
Trinidad and Tobago,2002,NA
Trinidad and Tobago,2003,NA
Trinidad and Tobago,2004,41900000
Trinidad and Tobago,2005,NA
Trinidad and Tobago,2006,NA
Trinidad and Tobago,2007,NA
Trinidad and Tobago,2008,NA
Trinidad and Tobago,2009,40800000
Trinidad and Tobago,2010,NA
Trinidad and Tobago,2011,NA
Trinidad and Tobago,2012,NA
Trinidad and Tobago,2013,NA
Trinidad and Tobago,2014,NA
Tunisia,1989,12400000
Tunisia,1999,16100000.000000002
Tunisia,2000,NA
Tunisia,2001,NA
Tunisia,2002,NA
Tunisia,2003,NA
Tunisia,2004,17500000
Tunisia,2005,NA
Tunisia,2006,NA
Tunisia,2007,NA
Tunisia,2008,NA
Tunisia,2009,18900000
Tunisia,2010,NA
Tunisia,2011,NA
Tunisia,2012,NA
Tunisia,2013,NA
Tunisia,2014,19700000
Turkey,1989,1090000000
Turkey,1999,1210000000
Turkey,2000,NA
Turkey,2001,NA
Turkey,2002,NA
Turkey,2003,NA
Turkey,2004,1290000000
Turkey,2005,NA
Turkey,2006,NA
Turkey,2007,NA
Turkey,2008,NA
Turkey,2009,1440000000
Turkey,2010,NA
Turkey,2011,NA
Turkey,2012,NA
Turkey,2013,NA
Turkey,2014,1620000000
Tanzania,1989,14000000000
Tanzania,1999,13000000000
Tanzania,2000,NA
Tanzania,2001,NA
Tanzania,2002,NA
Tanzania,2003,NA
Tanzania,2004,12500000000
Tanzania,2005,NA
Tanzania,2006,NA
Tanzania,2007,NA
Tanzania,2008,NA
Tanzania,2009,12000000000
Tanzania,2010,NA
Tanzania,2011,NA
Tanzania,2012,NA
Tanzania,2013,NA
Tanzania,2014,11600000000
Uganda,1989,365000000
Uganda,1999,297000000
Uganda,2000,NA
Uganda,2001,NA
Uganda,2002,NA
Uganda,2003,NA
Uganda,2004,264000000
Uganda,2005,NA
Uganda,2006,NA
Uganda,2007,NA
Uganda,2008,NA
Uganda,2009,214000000
Uganda,2010,NA
Uganda,2011,NA
Uganda,2012,NA
Uganda,2013,NA
Uganda,2014,163000000
Ukraine,1989,997000000
Ukraine,1999,1320000000
Ukraine,2000,NA
Ukraine,2001,NA
Ukraine,2002,NA
Ukraine,2003,NA
Ukraine,2004,1420000000
Ukraine,2005,NA
Ukraine,2006,NA
Ukraine,2007,NA
Ukraine,2008,NA
Ukraine,2009,1510000000
Ukraine,2010,NA
Ukraine,2011,NA
Ukraine,2012,NA
Ukraine,2013,NA
Ukraine,2014,1560000000
United States,1989,28900000000
United States,1999,31400000000
United States,2000,NA
United States,2001,NA
United States,2002,NA
United States,2003,NA
United States,2004,32799999999.999996
United States,2005,NA
United States,2006,NA
United States,2007,NA
United States,2008,NA
United States,2009,34100000000
United States,2010,NA
United States,2011,NA
United States,2012,NA
United States,2013,NA
United States,2014,34700000000
Uzbekistan,1989,16700000
Uzbekistan,1999,29800000
Uzbekistan,2000,NA
Uzbekistan,2001,NA
Uzbekistan,2002,NA
Uzbekistan,2003,NA
Uzbekistan,2004,37200000
Uzbekistan,2005,NA
Uzbekistan,2006,NA
Uzbekistan,2007,NA
Uzbekistan,2008,NA
Uzbekistan,2009,41000000
Uzbekistan,2010,NA
Uzbekistan,2011,NA
Uzbekistan,2012,NA
Uzbekistan,2013,NA
Uzbekistan,2014,88700000
Virgin Islands (U.S.),1989,NA
Virgin Islands (U.S.),1999,440000
Virgin Islands (U.S.),2000,NA
Virgin Islands (U.S.),2001,NA
Virgin Islands (U.S.),2002,NA
Virgin Islands (U.S.),2003,NA
Virgin Islands (U.S.),2004,670000
Virgin Islands (U.S.),2005,NA
Virgin Islands (U.S.),2006,NA
Virgin Islands (U.S.),2007,NA
Virgin Islands (U.S.),2008,NA
Virgin Islands (U.S.),2009,880000
Virgin Islands (U.S.),2010,NA
Virgin Islands (U.S.),2011,NA
Virgin Islands (U.S.),2012,NA
Virgin Islands (U.S.),2013,NA
Virgin Islands (U.S.),2014,1110000
Vietnam,1989,1650000000.0000002
Vietnam,1999,1970000000
Vietnam,2000,NA
Vietnam,2001,NA
Vietnam,2002,NA
Vietnam,2003,NA
Vietnam,2004,2049999999.9999998
Vietnam,2005,NA
Vietnam,2006,NA
Vietnam,2007,NA
Vietnam,2008,NA
Vietnam,2009,2100000000
Vietnam,2010,NA
Vietnam,2011,NA
Vietnam,2012,NA
Vietnam,2013,NA
Vietnam,2014,2180000000
Wallis et Futuna,1989,1370000
Wallis et Futuna,1999,1360000
Wallis et Futuna,2000,NA
Wallis et Futuna,2001,NA
Wallis et Futuna,2002,NA
Wallis et Futuna,2003,NA
Wallis et Futuna,2004,1360000
Wallis et Futuna,2005,NA
Wallis et Futuna,2006,NA
Wallis et Futuna,2007,NA
Wallis et Futuna,2008,NA
Wallis et Futuna,2009,1350000
Wallis et Futuna,2010,NA
Wallis et Futuna,2011,NA
Wallis et Futuna,2012,NA
Wallis et Futuna,2013,NA
Wallis et Futuna,2014,1350000
Yemen,1989,11000000
Yemen,1999,11000000
Yemen,2000,NA
Yemen,2001,NA
Yemen,2002,NA
Yemen,2003,NA
Yemen,2004,11000000
Yemen,2005,NA
Yemen,2006,NA
Yemen,2007,NA
Yemen,2008,NA
Yemen,2009,11000000
Yemen,2010,NA
Yemen,2011,NA
Yemen,2012,NA
Yemen,2013,NA
Yemen,2014,11000000
South Africa,1989,1720000000
South Africa,1999,1720000000
South Africa,2000,NA
South Africa,2001,NA
South Africa,2002,NA
South Africa,2003,NA
South Africa,2004,1720000000
South Africa,2005,NA
South Africa,2006,NA
South Africa,2007,NA
South Africa,2008,NA
South Africa,2009,1720000000
South Africa,2010,NA
South Africa,2011,NA
South Africa,2012,NA
South Africa,2013,NA
South Africa,2014,1720000000
Zambia,1989,5490000000
Zambia,1999,5310000000
Zambia,2000,NA
Zambia,2001,NA
Zambia,2002,NA
Zambia,2003,NA
Zambia,2004,5230000000
Zambia,2005,NA
Zambia,2006,NA
Zambia,2007,NA
Zambia,2008,NA
Zambia,2009,5140000000
Zambia,2010,NA
Zambia,2011,NA
Zambia,2012,NA
Zambia,2013,NA
Zambia,2014,5119999999.999999
Zimbabwe,1989,1480000000
Zimbabwe,1999,1260000000
Zimbabwe,2000,NA
Zimbabwe,2001,NA
Zimbabwe,2002,NA
Zimbabwe,2003,NA
Zimbabwe,2004,1160000000.0000002
Zimbabwe,2005,NA
Zimbabwe,2006,NA
Zimbabwe,2007,NA
Zimbabwe,2008,NA
Zimbabwe,2009,1040000000
Zimbabwe,2010,NA
Zimbabwe,2011,NA
Zimbabwe,2012,NA
Zimbabwe,2013,NA
Zimbabwe,2014,941000000
